{"loss_history": [0.061489550430708396, 0.038017083866686514, 0.01600794275921653, 0.01390622801471618, 0.012216259884112514, 0.01217813164506806, 0.011914098999125418, 0.014194503223826177, 0.01416411731194239, 0.013363264712365343, 0.013029367717169225, 0.012996009886695538, 0.012176438193349168, 0.011542670536250807, 0.012727751338633244, 0.013807698717550375, 0.014338335976551753, 0.014291331278858706, 0.014619192955701146, 0.01618794341820758, 0.01699684774169, 0.016450231169350446, 0.018212916358793154, 0.018460786882974208, 0.017744951362186113, 0.01608384621888399, 0.015716456549428402, 0.017153544196207075, 0.017003582843090406], "duration_history": [175.43859649122808, 333.3333333333333, 344.82758620689657, 333.3333333333333, 333.3333333333333, 357.14285714285717, 333.3333333333333, 357.14285714285717, 357.14285714285717, 357.14285714285717, 357.14285714285717, 344.82758620689657, 357.14285714285717, 370.3703703703704, 370.3703703703704, 384.61538461538464, 384.61538461538464, 384.61538461538464, 384.61538461538464, 370.3703703703704, 416.6666666666667, 400.0, 400.0, 416.6666666666667, 384.61538461538464, 384.61538461538464, 400.0, 416.6666666666667, 416.6666666666667], "eps": 0.7299991000088893, "steps": 300001, "reward_history": [-20.49122807017544, -20.666666666666668, -20.586206896551722, -20.633333333333333, -20.766666666666666, -20.571428571428573, -20.7, -20.642857142857142, -20.642857142857142, -20.571428571428573, -20.607142857142858, -20.620689655172413, -20.5, -20.48148148148148, -20.555555555555557, -20.46153846153846, -20.53846153846154, -20.5, -20.26923076923077, -20.14814814814815, -19.958333333333332, -20.24, -20.44, -20.083333333333332, -20.192307692307693, -20.423076923076923, -20.12, -20.166666666666668, -20.208333333333332], "latest_checkpoint": "save/cp300000.torchmodel"}