{"loss_history": [0.062299130848235615, 0.057979680586885664, 0.05238377098577839, 0.04658692076753803, 0.042919730187859384, 0.03849100221951826, 0.034707654002941124, 0.03140681625895086, 0.027890635038107577], "duration_history": [169.4915254237288, 322.5806451612903, 322.5806451612903, 322.5806451612903, 333.3333333333333, 344.82758620689657, 322.5806451612903, 333.3333333333333, 333.3333333333333], "eps": 0.9099991000029631, "steps": 100001, "reward_history": [-20.559322033898304, -20.774193548387096, -20.70967741935484, -20.741935483870968, -20.866666666666667, -20.586206896551722, -20.741935483870968, -20.733333333333334, -20.733333333333334], "latest_checkpoint": "save/cp100000.torchmodel"}